Title,Link
#liqour hashtag on Instagram • Photos and videos,https://www.instagram.com/explore/tags/liqour/?hl=ne
Liqour Ice (@liquor_ice2020) • Instagram photos and videos,https://www.instagram.com/liquor_ice2020/
LIQUORS DELIVERY NEPAL (@liquorsdurbar) • Instagram ...,https://www.instagram.com/liquorsdurbar/
Mr. liqour (@mr.liqour) • Instagram photos and videos,https://www.instagram.com/mr.liqour/
Online Liquors Store - FL (@worldwineliquors) • Instagram ...,https://www.instagram.com/worldwineliquors/
Liquors (@liquors_bar) • Instagram photos and videos,https://www.instagram.com/liquors_bar/
Market Liquors (@marketliquors) • Instagram photos and videos,https://www.instagram.com/marketliquors/
LifeStylez Liqour (@lifestylezliquor) • Instagram photos and ...,https://www.instagram.com/lifestylezliquor/
_sweet.liquor (@_sweet.liqour) • Instagram photos and videos,https://www.instagram.com/_sweet.liqour/
Liquors Company (@liquorscompany) • Instagram photos and ...,https://www.instagram.com/liquorscompany/
King Liquors (@kingliquors) • Instagram photos and videos,https://www.instagram.com/kingliquors/?hl=ne
supermarketliquors - Instagram,https://www.instagram.com/supermarketliquors/
Royal Liquors (@royal_liquors) • Instagram photos and videos,https://www.instagram.com/royal_liquors/
A to Z liquors (@liquorsatoz) • Instagram photos and videos,https://www.instagram.com/liquorsatoz/
Liquors Diary (@liquors__diary) • Instagram photos and videos,https://www.instagram.com/liquors__diary/
Liquors. Château (@liquorschateau) • Instagram photos and ...,https://www.instagram.com/liquorschateau/
Craft n Liqour (@craftnliquor) • Instagram photos and videos,https://www.instagram.com/craftnliquor/?igshid=YmMyMTA2M2Y=
Placerita Liqour (@placeritaliquor) • Instagram photos and ...,https://www.instagram.com/placeritaliquor/
Royal Liquors (@royalliquors) • Instagram photos and videos,https://www.instagram.com/royalliquors/
Liqour Ninja (@liqourninja) • Instagram photos and videos,https://www.instagram.com/liqourninja/
Royal Liquors (@royalliquors) - Instagram,https://www.instagram.com/royalliquors/channel/
Peco's Liquors (@pecosliquors) • Instagram photos and videos,https://www.instagram.com/pecosliquors/
Midway Liquors - Instagram,https://www.instagram.com/midway.liquors/
Clocktown Liquors (@clocktownliquors) • Instagram photos ...,https://www.instagram.com/clocktownliquors/
Hollywood Liquors - Instagram,https://www.instagram.com/hollywood.liquors/
Broadway Liquors (@broadwayliquor_) • Instagram photos ...,https://www.instagram.com/broadwayliquor_/
Liquor.com (@liquor) • Instagram photos and videos,https://www.instagram.com/liquor/
"forbes.liquors.brick - Wine, Beer & Spirits Store - Instagram",https://www.instagram.com/forbes.liquors.brick/?hl=ne
Wendell Smith Liquors (@wendellsmithliquors) • Instagram ...,https://www.instagram.com/wendellsmithliquors/
Ernie's Liqour (@erniesliqour) - Instagram,https://www.instagram.com/erniesliqour/
